,FileNames,President,Year,KeyWords
17,Bush_1989.txt,Bush,1989,"['Lists of members of the United States House of Representatives', 'line-item veto', 'Pennsylvania', 'Europe', '1706 births', 'executive branch', 'Foundations based in the United States', 'Medicaid', 'Attorney General', 'television show', '1809 births', 'Admiralty personnel of World War II', 'AIDS', 'Roosevelt', 'medical waste', 'Senate', 'President', 'California', 'Earth', 'breathless', 'addiction', 'beef', '1845 establishments in the United States', ""4th Queen's Own Hussars officers"", 'Congress', 'Abraham Lincoln', 'International Atomic Energy Agency', 'Financial economics', 'Tonight', 'Nicaragua', 'Security Council', 'NATO', 'disability', 'referendum', 'United States', '1821 establishments in North America', 'micromanagement', 'Admiralty during World War II', 'The hand', 'inflation', 'radio', 'organized crime', 'clean coal', 'homelessness', 'clean coal technology', 'Washington, D.C. Democrats', 'poverty', 'drug czar', 'protectionism', 'Election', 'tax deduction', 'space shuttle', 'Generals', 'General', 'school', 'Soviet Union', 'abo', 'Sir Winston Churchill', 'Independent agencies of the United States government', 'Everglades', 'Gorbachev', 'Central America', 'Environmental Protection Agency', 'death penalty', 'budget deficit', 'mathematics', '1922 establishments in the Soviet Union', 'disease', 'Florida', 'tax credit', 'Lincoln', 'Lists of members of the Cabinet of the United States', 'special task force', 'Alaska', 'compass', 'Benjamin Franklin', 'energy', 'The age', 'Churchill', 'thrifts', 'Vice President Quayle', 'great crisis', 'Longfellow', 'Strategic Defense Initiative', 'Pentagon', 'agent', 'magnet', 'Ballot measures', 'Child poverty', 'continuing resolution', 'Puerto Rico', 'thy', 'Reagan', 'Direct democracy', 'Economic growth', 'person', 'cost-of-living adjustment', 'Bill Bennett', 'democracy', 'Founding Fathers', 'United States Secretaries of Education', 'Coast Guard', 'imperative', 'Canada', 'God', 'tire', 'Lists of office-holders in the United States', 'God bless America', 'Macroeconomic aggregates', 'Magnet schools', 'Chinese', 'depression', 'NASA', 'cocaine', 'Franklin Roosevelt', '1950 establishments in the United States', 'Speaker', 'Cabinet of the United States', 'Clean Air Act', 'substance abuse', 'China', 'American', 'self-determination', 'Nuclear weapons infrastructure of the United States', 'Social Security', 'capital gains', 'nuclear weapons', 'National Science Foundation', 'gifted', 'place']"
16,Bush_1990.txt,Bush,1990,"['Alumni of the International Lenin School', 'Communism', 'Soviet satellite states', 'red tape', ""I'm talking"", 'human capital', 'Europe', 'arms control', 'playwright', 'wildlife', 'Communists in the German Resistance', 'East Germany', 'AIDS', 'James', 'President', 'USA', '880s establishments', 'Domestic Policy Council', 'Arthur Sullivan', '1845 establishments in the United States', 'Congress', 'Supercontinents', 'Harry S. Truman', 'Tonight', 'NATO', 'product liability', 'United States', 'Soviet', 'chamber', 'Polish', 'Far East', 'Clinton', 'inure', 'GNP', 'Iron Curtain', 'city', 'Scottish non-fiction writers', 'Alumni of the Royal Academy of Music', 'environmentalist', 'Central', 'Prague', 'national debt', 'Cities and towns in Masovian Voivodeship', '1970 establishments in Washington, D.C.', 'company', 'People of the Anglo-Spanish War (1585–1604)', 'Cincinnati', 'ast', 'World Series', 'chain reaction', 'Physical capital', 'Soviet Union', 'Everglades', 'Gorbachev', 'space exploration', 'Environmental Protection Agency', 'rally', 'Warsaw', 'Solidarity', 'Lech Walesa', 'Florida', 'battle', 'catalyst', 'Czechoslovakia', 'organisation', 'Panama', 'Gdansk shipyard', 'compass', 'energy', 'James VI and I', 'Strategic Defense Initiative', 'agent', 'intellectual capital', 'Central Intelligence Agency', 'Government of Arkansas', 'anti-Semitism', 'Harry Truman', 'hemisphere', 'gross national product', 'Africa', 'Head Start', 'person', 'democracy', 'Sullivan', 'Just Cause', 'Army', 'Poland', 'God', 'government agency', 'Berlin Wall', 'Erich Honecker', 'Governor', 'American', 'Eastern Europe', 'Capital (economics)', 'racism', 'Social Security', 'dictator', 'The farm', 'Cabinet', 'capital gains', 'Rangers', 'sprit', 'great transition', 'administrative region', 'Americas', 'Havel', 'ATO', 'place', 'Deaths from cancer in Chile']"
13,Bush_1991.txt,Bush,1991,"['Europe', 'Blackwell', 'Florida Republicans', '21st-century executions by Iraq', 'thankful', 'Attorney General', 'AIDS', 'Patriot missile', 'President', 'cold war', '1945 establishments in Egypt', 'outwork', 'tyrant', 'Congress', 'pay-as-you-go', 'free trade', 'European Community', 'Germany', 'unshackled', 'Norman', 'Tonight', 'Saudi Arabia', 'Military specialisms', 'Uruguay Round', '1945 establishments in Africa', 'R.A.F.', 'United States', 'Soviet', 'Andreotti', 'political action committees', 'Persian Gulf', 'Baltic peoples', 'Arab League', 'salvation', 'despot', 'Marine occupations', 'inflation', 'Kuwait', 'Desert Shield', 'Qatar', 'American jazz clarinetists', 'totalitarianism', 'energy conservation', 'Israel', 'Fahd', 'public housing', 'company', 'sailor', 'United States Congress', 'populated place', 'irresistible force', 'Time', 'Alan Greenspan', 'General', 'Federal Reserve', 'Iraq', 'Soviet Union', 'Gorbachev', 'drug abuse', 'Enterprise', 'outlaw', 'Saudi', 'free trade zone', 'French', 'employment discrimination', 'U.N.', 'international', 'tax credit', 'battle', 'catalyst', 'Massachusetts', 'Lists of members of the Cabinet of the United States', 'Government finances in the United States', 'Schwarzkopf', 'United States federal legislation', 'energy', 'freedom works', 'tot', 'national highway', 'rape', 'Perez de Cuellar', 'idealism', 'agent', '20th-century politicians', 'missile', 'Kathy', 'office holder', 'Sailors', '21st-century novelists', 'hemisphere', 'Bahrain', '1945 establishments in Asia', 'Storm', 'appeasement', 'Latin America', 'person', 'World War II', 'democracy', 'terrorism', 'Saddam', 'God', 'Speaker', 'Cabinet of the United States', 'Hassan', 'United Nations', 'recession', 'Eastern Europe', 'American', 'Washington', 'racism', 'Mubarak', 'realism', 'dictator', 'capital gains', 'administrative region', 'Saddam Hussein', 'Americas', 'place']"
9,Bush_1992.txt,Bush,1992,"['Christmas', 'aisle', 'Barbara', 'tort reform', 'Korea', 'line-item veto', 'public good', 'mortgage', 'Kilroy', 'AIDS', 'President', 'cold war', 'Earth', 'faithfully', 'Russian Federation', 'Operation Desert Storm', 'Congress', 'narcotic', 'Missouri', '1800 establishments in Washington, D.C.', 'trust', 'Tonight', 'Financial economics', 'Debt', 'scapegoating', 'Neil Armstrong', 'United States', 'Republican', 'Japan', 'pension', 'superpower', 'Dallas', 'pork barrel', 'city', 'inflation', 'Commonwealth', 'Kuwait', 'Peacekeeper missile', 'Belgian endive', 'SDI', 'IRA', 'R&D', 'credit crunch', 'Israel', 'Lieutenant Commander', 'Government spending', 'sleep', 'nuclear force', 'Boris Yeltsin', 'Vietnam', 'Commonwealth of Nations', 'combustion', 'Employee benefits', 'allia', 'company', 'subway', 'populated place', 'Heads of government of the Russian Federation', 'museum', 'Lawrence Welk', 'Federal Reserve', 'Soviet Union', 'Legislative speakers', 'Arab', 'capital gains tax', 'Enterprise', 'Camp David', 'disease', 'tax credit', 'American people of German-Russian descent', 'battle', 'health insurance', 'altruism', 'organisation', 'nuclear missile', 'Persecution', 'White House', 'Vice President', 'energy', 'Credit', 'ICBM', 'armistice', 'Strategic Defense Initiative', 'isolationism', '1841 establishments in the Republic of Texas', 'destroyer', 'monetary policy', 'nuclear war', 'anti-Semitism', 'Family matters', 'hemisphere', '1948 establishments in Israel', 'alternative minimum tax', 'English-speaking countries and territories', 'Storm', 'horror', 'person', 'communism', 'Puritan', 'country', 'Homological algebra', 'Democrat', 'Goods', 'God', 'Fictional female detectives', 'Peacekeeper', 'G.I.', 'Macroeconomic aggregates', 'insurance', 'Governor', 'unemployment benefits', 'Franklin Roosevelt', 'Speaker', 'Community building', 'American', 'Yeltsin', 'Minuteman', 'Politburo of the Central Committee of the Communist Party of the Soviet Union candidate members', 'Social Security', 'John Ashcroft', 'telegram', 'Cabinet', 'capital gains', 'personal exemption', 'Inflation', 'Tomorrow', 'Food', 'Americas', 'skepticism', 'place', 'North American free trade agreement']"
10,Clinton_1993.txt,Clinton,1993,"['Lists of members of the United States House of Representatives', 'aisle', 'Medicare', 'ad valorem tax', 'GI bill', 'Brady bill', 'executive branch', 'mortgage', 'Btu tax', 'gross domestic product', 'television show', 'south Boston', 'land grant college', 'Senate', 'President', 'Earth', 'health care costs', '1845 establishments in the United States', 'Congress', 'Kennedy', 'income tax', 'gridlock', 'financial market', 'debtor', 'trust', 'Tonight', 'Financial economics', 'United States', 'superpower', 'real spending', 'The combination', 'south central Los Angeles', 'Federal assistance in the United States', 'inflation', 'business cycle', 'North American Free Trade Agreement', 'Parenting', 'underemployment', 'national debt', 'credit crunch', 'Government spending', 'poverty', 'currency', 'American independent record labels', 'company', 'carbon tax', 'United States Congress', 'Climate change policy', 'populated place', 'tax deduction', 'ethnic conflict', 'root', 'Republicans', 'Currencies of Ecuador', 'corporate tax', 'budget deficit', 'fair trade', 'Federal bank', 'boot', 'Banks of India', 'indecision', 'Alternative rock record labels', 'disease', 'international', 'national income', 'tax credit', 'legions', 'nutrition', 'software', 'Clothing', 'Lifelong learning', 'organisation', 'White House', 'welfare reform', 'Los Angeles', 'energy', 'Banks established in 1945', 'stack', 'American flag', 'amazed', 'rhetoric', 'Punk record labels', 'energy efficiency', 'campaign finance reform', 'Child poverty', 'dollar', 'Reagan', 'English-speaking countries and territories', 'health care reform', 'person', 'People associated with the Boy Scouts of America', 'communism', 'My fellow Americans', 'national service', 'child support', 'rein', 'region', 'Lists of office-holders in the United States', 'motor voter bill', 'God bless America', 'Macroeconomic aggregates', 'Rural Electric Administration', 'Governor', 'Speaker', 'Superfund', 'American', 'Washington', 'First Lady', 'Peace Corps', 'nuclear power', '1781 establishments in New Spain', 'Social Security', 'good people', 'solvent', 'Texas', 'coal', 'working poor', 'Economics terminology', 'place', 'Congressional Budget Office', 'undue influence']"
5,Clinton_1994.txt,Clinton,1994,"['Russia', 'Newport News', 'NAFTA', 'cerebral aneurysm', 'Medicare', 'Korean Peninsula', 'Europe', 'Nixon', 'Brady bill', 'South America', 'AIDS', 'Roosevelt', 'eye', 'President', 'Safe Drinking Water Act', 'Yitzhak Rabin', 'California', 'cold war', 'States and territories established in 882', 'Earth', 'slumber party', 'congressional district', 'United States presidential candidates, 1948', '1845 establishments in the United States', 'Congress', 'Russian', '1800 establishments in Washington, D.C.', 'income tax', 'Philadelphia', 'Mississippi', 'gridlock', 'Harry S. Truman', 'Middle East', 'Tonight', 'gallery', 'veto', 'NATO', 'Long Island', 'United States', 'Kazakhstan', '1624 establishments in North America', 'long-term care', 'Partnership For Peace', '500-year flood', 'Bosnia', 'bricklayer', 'Clinton', 'economics', ""Tip O'Neill"", 'American middle class', 'parole', '1732 births', 'Haiti', 'environmental technologies', 'inflation', 'Richard Anderson', 'civil rights', 'Parenting', 'Attempted assassination of Ronald Reagan', 'Brady law', 'Houston', 'national debt', 'poverty', 'Cities in the New York metropolitan area', 'GATT', 'company', 'sustainable development', 'Ukraine', 'United States Congress', 'compact', 'public school', 'Former capitals of the United States', 'Republicans', 'Vice presidents', 'detective', 'soul', 'death penalty', 'budget deficit', '1991 establishments in Ukraine', 'Ambassadors of Israel to the United States', 'steel', 'wheelchair', 'boot', 'Lech Walesa', 'Jason White', 'international', 'Florida', 'tax credit', 'handshake', 'software', 'health insurance', 'Jim Brady', 'Western Hemisphere', 'Somalia', 'White House', 'Asia', 'Vice President', 'welfare reform', 'rhetoric', '1624 establishments in the Dutch Empire', '1799 deaths', 'intensive care', 'Central Europe', 'North Dakota', 'memory', 'human rights', 'campaign finance reform', '1682 establishments in Pennsylvania', 'Communist bloc', 'assault weapons', 'gun violence', 'Buildings of the United States government in Washington, D.C.', 'environmental degradation', 'Harry Truman', 'vacuum', 'Petaluma, California', 'Clean Water Act', 'Richard Nixon', 'health care reform', 'person', 'South Africa', 'My fellow Americans', 'Midwest', 'grassroots', 'national service', 'democracy', 'bankruptcy', 'epic', 'child support', 'imperative', 'Canada', 'God', 'Belarus', 'motor voter bill', 'God bless America', 'east Los Angeles', 'Types of insurance', 'childhood immunizations', 'Governor', 'Yasser Arafat', 'Speaker', 'Superfund', 'Truman', 'reserve', 'New York', 'China', 'American', 'community policing', 'Alignment (political party) politicians', 'Washington', 'First Lady', 'library', 'TelePrompter', 'garnish', 'nuclear weapons', 'attorney', 'nationalist', 'Soviet bloc', 'Havel', 'pink slip', 'chemical weapons', 'place', 'heritage', 'insurance', 'Buildings and structures in the United States destroyed by arson']"
1,Clinton_1995.txt,Clinton,1995,"['earthquake', 'Liberty', 'Lists of members of the United States House of Representatives', 'Gore', 'Medicare', 'American Protestants', 'individual retirement account', 'line-item veto', 'Kansas Jayhawks football players', 'GI bill', 'balanced budget amendment', 'Brady bill', 'Northern Ireland', 'con', 'church', 'lightning', '1944 in the United States', '1859 deaths', 'African-American members of the United States House of Representatives', 'Roosevelt', 'foreign aid', 'slavery', 'typewriter', 'President', 'sweat', 'California', 'Interstate Commerce Commission', 'cold war', 'New Deal', 'Senate', 'Earth', 'pregnancy', 'couch potatoes', 'John Kennedy', 'softball', 'Tocqueville', 'Congress', 'computer', 'Russian', '1800 establishments in Washington, D.C.', 'Iwo Jima', 'paralysis', 'Harry S. Truman', 'Middle East', 'Hattiesburg, Mississippi', 'trust', 'Tonight', 'family values', 'United States', 'Republican', 'long-term care', 'Rwanda', 'assault weapon', 'bailout', 'City University of New York people', 'Executive order', 'Hats', 'Educational institutions established in 1905', 'Haiti', 'city', 'New Covenant', 'inflation', 'American lobbyists', 'Kuwait', 'minimum wage', 'Parenting', 'Woodrow Wilson', 'Al Gore', 'Mexico', 'The spotlight', 'Diana', 'Israel', 'poverty', 'public housing', 'AmeriCorps', 'American people of Croatian descent', 'industrial revolution', 'Nuclear Non-Proliferation Treaty', 'nuclear program', 'Helium', 'tax deduction', 'nursing', 'compact', 'illegal aliens', 'fascism', 'Perry', 'Lynn Woolsey', 'school', 'Theodore Roosevelt', 'Republicans', '20th-century Calvinist and Reformed Christians', 'AME Zion Church', 'teen', '1944 in law', 'ashtray', 'David Letterman', 'pain', 'Lincoln', 'Female United States presidential candidates', 'software', 'nutrition', 'health insurance', '104th Congress', 'cap', 'Kansas City', 'Barbara Jordan', 'White House', 'Asia', 'Vice President', 'welfare reform', 'The age', 'nuclear threat', 'stress', 'Opportunity', 'lapel pin', 'agent', 'Ronald Reagan', 'yesterdays', 'missile', 'Mexican', 'assault weapons', 'PTA', 'Jack', 'Great Depression', 'deportation', 'capital punishment', 'Dole', 'Harry Truman', 'Little Rock', 'West Point', '1948 establishments in Israel', 'endanger', 'Cindy', 'North Korea', 'covenant', 'Latin America', 'health care reform', 'person', 'People associated with the Boy Scouts of America', 'living wage', 'Russians', 'communism', 'FEMA', 'My fellow Americans', 'South Africa', 'grassroots', 'national service', 'democracy', 'nuclear test', 'African-American women in politics', 'Reagan administration', 'terrorism', 'tornado', 'Kentucky', 'child support', 'God', 'START II', 'Corporal', 'Lists of office-holders in the United States', 'Federal Emergency Management Agency', 'Middle class', 'World Trade Center', 'Governor', 'Franklin Roosevelt', 'Speaker', 'Truman', 'Stephen Bishop', 'Washington, DC', 'community policing', 'American', 'Eastern Europe', 'mohair', 'Washington', 'dependence', 'Peace Corps', 'town hall meeting', 'First Lady', 'The Members', 'roll', 'Social Security', 'proposition', 'Solar-powered robots', 'expression', 'chemical weapons', 'American male judoka', 'place', 'insurance']"
6,Clinton_1996.txt,Clinton,1996,"['Russia', 'Lists of members of the United States House of Representatives', 'Gore', 'aisle', 'Chemical Weapons Convention', 'Medicare', 'toxic waste', 'line-item veto', 'GI bill', 'superhighway', 'New York City', 'Europe', 'Brady bill', 'Northern Ireland', 'Habits', 'Medicaid', 'D.A.R.E.', 'Dean', 'AIDS', 'Pell Grant', 'illegal immigration', 'The era', 'President', 'California', 'Jews', 'Senate', 'cold war', 'Chemical warfare', 'pregnancy', 'Seattle', 'Congress', 'Kennedy', 'Russian', '1800 establishments in Washington, D.C.', 'credit card', 'Middle East', 'character education', 'trust', 'Tonight', 'NATO', 'poison gas', 'salute', 'United States', '1624 establishments in North America', 'Republican', 'Japan', 'pension', 'telecommunications', 'City University of New York people', 'Protestant', 'Bosnia', 'nuclear weapons program', 'Executive order', 'Haiti', 'inflation', 'American lobbyists', 'Atlanta', 'minimum wage', 'industrial property', 'Parenting', 'V-chip', 'Al Gore', 'organized crime', 'Persian Gulf War', 'poverty', 'Washington, D.C. Democrats', 'drug czar', 'Vietnam', 'Cities in the New York metropolitan area', 'AmeriCorps', 'company', 'balanced budget', 'subway', 'smoking', 'planet', 'torture', 'nursing', 'public school', 'Fictional characters who have made pacts with devils', 'Oklahoma', 'Social Security Administration', 'General', 'student loan', 'Republicans', 'FBI', 'Vice presidents', 'teen', 'pregnancy rate', 'Fictional American people of English descent', 'Lake Erie', 'CD', 'tax credit', 'software', 'health insurance', 'battle', 'debt limit', '104th Congress', 'White House', 'Japanese', 'Vice President', 'welfare reform', 'energy', 'Los Angeles', 'young Americans', 'food stamp', '1624 establishments in the Dutch Empire', 'rape', 'memory', 'campaign finance reform', 'domestic violence', 'missile', 'drug trafficking', 'Lucius', 'torch', 'Barry McCaffrey', 'purchasing power', 'assault weapons', 'Buildings of the United States government in Washington, D.C.', 'environmental degradation', 'Community policing', 'Chemical weapons demilitarization', 'endanger', 'smog', 'Ceremonial flames', 'North Korea', 'Richard Nixon', 'person', 'My fellow Americans', 'grassroots', 'World War II', 'national service', 'democracy', 'nuclear test', 'terrorism', 'child support', 'Credit cards', 'God', 'Clinton Administration personnel', 'Lists of office-holders in the United States', 'censorship', 'Speaker', 'isolationist', 'community policing', 'American', 'Southern Command', 'Arabs', 'Washington', 'First Lady', 'library', '1850 establishments in California', 'Bob Dole', 'Social Security', 'blood', 'antiterrorism', 'Olympic torch', 'START II treaty', 'nuclear weapons', 'Treaties concluded in 1993', 'deficit spending', 'relentless', 'place', 'Congressional Budget Office', 'Sergeant', 'insurance', 'Buildings and structures in the United States destroyed by arson']"
8,Clinton_1997.txt,Clinton,1997,"['humanities', 'Russia', 'Lists of members of the United States House of Representatives', 'brain', 'Gore', 'Chemical Weapons Convention', 'Medicare', 'Washington State', 'Express mail', 'toxic waste', 'Airlines established in 1926', 'Alice', 'surgeon', 'GI bill', 'Europe', 'balanced budget amendment', 'Feingold', 'Presidents of Russia', 'Brady bill', 'Northern Ireland', 'bridge', 'poison', 'thankful', 'Isaiah', 'Medicaid', 'breast cancer', 'AIDS', 'Jim Hunt', 'truancy', 'Mars', 'UPS', 'Constitution', 'President', 'California', 'cold war', 'Riley', 'landmines', 'Illinois', 'Earth', 'Chemical warfare', '105th Congress', 'Bush', '1896 establishments in the United States', 'forge', 'fireworks', '1845 establishments in the United States', '1787 in the United States', 'Congress', 'computer', '1800 establishments in Washington, D.C.', 'Philadelphia', 'Republican Congress', 'Harry S. Truman', 'Middle East', 'Asian-American', 'character education', 'Tonight', 'family values', 'NATO', 'poison gas', 'greenhouse gases', 'disability', 'United States', 'Republican', 'escapism', 'Burger King', 'HIV', 'Chinese-American', 'Partnership For Peace', 'Bosnia', 'nuclear weapons program', 'economics', 'Housing Secretary', 'nuclear testing', 'Robert Schuller', 'religious congregation', 'Monsanto', 'Haiti', 'Al Gore', 'Mexico', 'IRA', 'Vietnam', 'AmeriCorps', 'company', 'human genome project', 'balanced budget', 'States and territories established in 1845', 'World Bank', 'tax deduction', 'ovarian cancer', 'public school', 'felony', 'Gulf war', 'General', 'Republicans', 'Legislative speakers', 'stroke', 'Everglades', 'place', 'teen', 'Governors of North Carolina', 'outlaw', 'Gary Locke', '1789 in American law', 'Bronze Star', 'international', 'Florida', 'tax credit', 'health insurance', 'McCain-Feingold', 'White House', 'Asia', 'Vice President', 'welfare reform', 'energy', 'Fast-food chains of Canada', 'NATO summit', 'vaccine', 'memory', 'North Carolina', 'Purple Heart', 'agent', 'human rights', 'campaign finance reform', '1682 establishments in Pennsylvania', 'dollar', 'deaf', 'Asia-Pacific', 'Democratic', 'Mary', 'Utah', 'Connecticut', 'hemisphere', 'Chemical weapons demilitarization', 'United Airlines', 'endanger', 'Third International', 'Africa', 'North Korea', 'Government of North Carolina', 'Latin America', 'person', 'ter', 'My fellow Americans', 'Georgia', 'democracy', 'nonpartisan', 'national service', 'soft money', 'NIH', 'respite care', 'terrorism', 'child support', 'Henry Cisneros', 'God', 'Detroit', 'Colin Powell', 'Lists of office-holders in the United States', 'God bless America', 'South Korea', 'Silver Star', '1789 in American politics', 'mastectomy', 'Arthur Vandenberg', 'Governor', 'Speaker', 'Truman', 'Internet', 'United Nations', 'community policing', 'American', 'Washington', 'First Lady', 'knowledge economy', 'library', 'Social Security', 'Tomorrow', 'Texas', 'eighth grade', 'Pell grant', '48 hours', 'Tipper', 'Government of Russia', 'insurance', 'Buildings and structures in the United States destroyed by arson']"
20,Clinton_1998.txt,Clinton,1998,"['Russia', 'humanities', 'Lists of members of the United States House of Representatives', 'Soviet satellite states', 'Gore', 'aisle', 'Chemical Weapons Convention', 'Biological Weapons Convention', 'Medicare', 'Korea', 'Europe', 'Sonny Bono', 'superhighway', 'Sarajevo', 'Tuzla', '1872 establishments in the United States', 'Feingold', 'South America', 'bridge', 'Equal Employment Opportunity', '21st-century executions by Iraq', 'breast cancer', 'Indiana', 'AIDS', 'cancer', 'eye', 'Colorado', 'Senate', 'Constitution', 'radio station', 'Information Age', 'Earth', 'USA', '105th Congress', 'limitless', 'rubber', 'forge', 'soot', 'Congress', 'GI Bill', 'Indonesia', '1800 establishments in Washington, D.C.', 'Middle East', 'trust', 'Tonight', 'NATO', 'poison gas', 'graduate school', 'Lists of American judges', 'David Jones', 'United States', 'cloning', 'frontier', 'Chicago', 'cyberspace', 'Elaine', 'chamber', 'Czech Republic', 'Millennium', 'Bosnia', 'nuclear testing', 'dime', 'city', 'Indianapolis', 'tobacco industry', 'minimum wage', 'American Traditionalist Catholics', 'Al Gore', 'Vietnam', 'AmeriCorps', 'balanced budget', 'Pakistan', 'Ukraine', 'smoking', 'planet', 'public school', 'global warming', 'mystery', 'quo', 'rock', 'General', 'Gulf War', 'root', 'Environments', 'renew America', '1821 establishments in Indiana', 'Iraq', 'Republicans', 'Everglades', 'teen', 'outlaw', 'arms race', '1991 establishments in Ukraine', 'Text', 'This Christmas', 'Federal Communications Commission', 'salmonella', 'tobacco', 'star spangled banner', 'international', 'E. coli', 'federal income tax', 'pain', 'tax credit', 'gene', 'software', 'President Eisenhower', 'fibrosis', 'health insurance', 'battle', 'catalyst', 'flag', 'McCain-Feingold', 'Child care', 'White House', 'Asia', 'Vice President', 'welfare reform', 'energy', 'greenhouse gas', 'Belfast', 'energy efficiency', 'keyboard', '20th-century politicians', 'diabetes', 'campaign finance reform', 'dollar', 'IRS', 'Lake Tahoe', 'greenhouse', 'Buildings of the United States government in Washington, D.C.', 'circle', 'Dole', 'Francis Scott Key', 'food safety', 'International Monetary Fund', 'The answer', '21st-century novelists', 'United States Senate', 'African-American Catholics', 'national anthem', 'smog', 'Africa', 'American dreams', 'Latin America', 'person', 'climate change', 'communism', 'My fellow Americans', 'nuclear test', 'democracy', 'nonpartisan', 'fiber', 'soft money', 'renewable', 'Admiral', 'child support', 'football', 'Army', 'Poland', '1872 establishments in Colorado Territory', 'God', 'Thailand', 'Colin Powell', 'Glenn', 'Lists of office-holders in the United States', 'South Korea', 'Extragalactic astronomy', 'National Cancer Institute', 'Speaker', 'United Nations', 'reserve', 'Hungary', 'Internet', 'Fiscal discipline', 'recession', 'American', 'child labor', 'managed care', 'China', 'public health', 'Peace Corps', 'Chief Justice', 'biological weapons', 'Burglary', 'Social Security', 'World Wide Web', 'Yellowstone', 'Tomorrow', 'eighth grade', 'doubles', 'ink', 'Pell grant', 'National Science Foundation', '1833 establishments in Illinois', 'Saddam Hussein', 'place', 'outer space', 'Sergeant', 'heritage', 'insurance', 'Buildings and structures in the United States destroyed by arson']"
19,Clinton_1999.txt,Clinton,1999,"['Pell grants', 'Russia', 'stay free', 'Employment Nondiscrimination Act', 'humanities', 'Gore', 'Medicare', 'Y2K', 'emphysema', 'Korea', 'Family Medical Leave Act', 'Europe', '1872 establishments in the United States', 'Feingold', 'hook', 'Northern Ireland', 'bridge', 'Medicaid', 'common good', 'Cold War', 'Jonesboro, Arkansas', 'Asian', 'cancer', 'Roosevelt', 'Jim Hunt', 'Millennium Project', 'computer bug', 'Tipper Gore', 'President', 'Senate', 'California', 'World War I', 'USA', 'pregnancy', 'limitless', 'Wye', 'Operation Desert Fox', 'chemotherapy', '1845 establishments in the United States', 'Congress', 'Kennedy', 'computer', '1800 establishments in Washington, D.C.', 'North Carolina State University alumni', 'Middle East', 'family planning', 'trust', 'Tonight', 'People from Arlington County, Virginia', 'global financial system', 'India', 'gallery', 'NATO', 'Lieutenant Governors of North Carolina', 'greenhouse gases', 'disability', 'Palestinian National Council', 'Native American', 'United States', 'Soviet', 'headache', 'Japan', 'Chicago', 'long-term care', 'pension', 'Dominican Republic', 'English', 'chamber', 'Taliaferro', 'Millennium', 'Bosnia', 'Mississippi Delta', 'clean energy', 'NOW', 'parole', 'city', 'Justice Department', 'wilderness', 'inflation', 'Dominicans', 'minimum wage', 'Rosa Parks', 'Central', 'digital', 'Al Gore', 'charter school', 'school violence', 'Israel', 'poverty', 'AmeriCorps', 'Osama bin Laden', 'Employee benefits', 'Caribbean', 'company', 'full benefits', 'balanced budget', 'Pakistan', 'Ukraine', 'START II Treaty', 'Jordan', 'mental illness', 'global warming', 'Overseas Private Investment Corporation', 'Sammy Sosa', 'Iraq', 'Theodore Roosevelt', 'African-American history of Maryland', 'Everglades', 'crop insurance', 'FDA', 'Kosovo', 'Governors of North Carolina', 'outlaw', 'Mayflower', 'Managed care', 'Gibson', 'seesaw', '1991 establishments in Ukraine', 'steel', 'Brady Bill', 'tobacco', 'Palestinian', 'U.N.', 'international', 'Florida', 'pain', 'tax credit', 'Edinboro', 'African-American female military personnel', 'health insurance', 'Comprehensive Test Ban Treaty', 'Harriet Tubman', '1963 establishments in Africa', 'Tanzania', 'White House', 'Asia', 'Vice President', 'Lyn', 'LAX', 'Los Angeles', 'young Americans', 'strong force', 'Nigeria', 'Jonesboro', 'Star Spangled Banner', 'affordable housing', 'memory', 'North Carolina', 'lung cancer', 'African-American nurses', 'baby boom', '20th-century politicians', 'campaign finance reform', 'dollar', 'Politicians from Boston', 'George Washington', 'traffic congestion', 'lock', 'greenhouse', 'Buildings of the United States government in Washington, D.C.', 'International Monetary Fund', 'privacy', 'Utah', 'medicine', 'hemisphere', 'Civil War', 'fir', 'Tonight, tonight', 'B-1B bomber', 'Africa', 'person', 'People associated with the Boy Scouts of America', 'FEMA', 'My fellow Americans', 'handgun', 'national service', 'democracy', 'terrorism', 'Long-term care', 'lull', 'Saddam', 'Alabama', 'payroll tax', '1872 establishments in Colorado Territory', 'God', 'Ellis Island', 'Social law', 'Wei', 'Capitol Hill', 'Kenya', 'Speaker', 'Internet', 'Appalachia', 'fiscal responsibility', 'United Nations', 'recession', 'China', 'American', 'child labor', 'First Lady', 'Graph drawing people', 'library', 'census', 'sexual orientation', 'Social Security', 'Pensions', 'arthritis', 'Thomas Edison', 'Yellowstone', 'SAT', 'Labor', 'OPIC', 'nuclear weapons', 'Cuba', 'Americas', 'place', 'agriculture', 'kn', 'insurance', 'Buildings and structures in the United States destroyed by arson']"
27,Clinton_2000.txt,Clinton,2000,"['Pell grants', 'Russia', 'Lists of members of the United States House of Representatives', 'Gore', 'African-American women writers', 'aisle', 'Medicare', 'American Protestants', 'tax incentive', 'toxic waste', 'American Revolution', 'Andrew Jackson', 'bridge', 'Greece', 'wildlife', 'breast cancer', 'The lesson', 'Earned Income Tax Credit', 'AIDS', 'cancer', 'reauthorize', 'erica', 'Tipper Gore', 'Cyprus', 'malaria', 'Constitution', 'President', 'Senate', 'California', 'background check', 'ATF', 'Earth', 'Illinois', 'Balkans', 'ion', 'pregnancy', 'Rocket engines', 'forge', 'Turkey', 'foster care', '1845 establishments in the United States', 'Congress', 'Minnesota', 'Indonesia', 'computer', 'Russian', '1800 establishments in Washington, D.C.', 'ABM', 'retina', 'Philadelphia', 'gridlock', 'Middle East', 'credit card', 'Tonight', 'Violence Against Women Act', 'India', 'greenhouse gases', 'Native American', 'automobile', 'United States', 'Republican', 'Soviet', 'pension', 'English', 'Companies disestablished in 2004', 'chamber', 'financial statements', 'My generation', 'Mississippi Delta', 'economics', 'clean energy', 'big country', 'Columbine tragedy', 'East Timor', 'American revolution', 'minimum wage', 'civil rights', 'Parenting', 'gasoline', 'Al Gore', 'Brady law', 'charter school', 'national debt', 'States and territories disestablished in 1941', 'mountain', 'poverty', 'Hank Aaron', 'AmeriCorps', 'ethnic cleansing', 'Industrial Age', 'Employee benefits', 'company', 'balanced budget', 'Pakistan', 'TB', 'tax deduction', 'planet', 'public school', 'mental illness', 'global warming', 'draft', 'digital divide', 'root', 'school', 'Theodore Roosevelt', 'Iraq', 'Legislative speakers', 'Republicans', 'Delta', '20th-century Calvinist and Reformed Christians', 'Everglades', 'teen', 'Rocket propulsion', 'Kosovo', 'drug abuse', 'The scientists', 'Social Security Trust Fund', 'United States Secretaries of the Treasury', 'seesaw', 'steel', 'Pine Ridge Reservation', 'Caribbean Basin', 'Jewish', 'gun safety', 'U.N.', 'Florida', 'human genome', 'tax credit', 'nutrition', 'software', 'Franklin', 'health insurance', 'battle', 'catalyst', 'gay', 'digital economy', 'Asian Americans', 'White House', 'Asia', 'Vice President', 'welfare reform', 'Benjamin Franklin', 'stress', 'young Americans', 'Mauser', 'American keyboardists', 'Opportunity', 'unbelievable', 'Nigeria', 'greenhouse gas', 'Independence Hall', 'Pentagon', 'human rights', 'campaign finance reform', '1682 establishments in Pennsylvania', 'diabetes', 'missile', 'dollar', 'Badlands', 'mental health', 'Democratic', 'privacy', 'medicine', 'medical record', 'baby boomers', 'Africa', 'North Korea', 'Latin America', 'Great Lakes', 'person', 'Arson in Colorado', 'climate change', 'Reading', 'communism', 'Russians', 'My fellow Americans', 'handgun', 'Comprehensive Nuclear Test Ban Treaty', 'democracy', 'Janet', 'Lloyd Bentsen', 'Jesse Jackson', 'gallon', 'child support', 'God', 'Berlin Wall', 'Chechnya', 'Lists of office-holders in the United States', 'History of Greece (1863–1909)', 'religious freedom', 'God bless America', 'United States Senators from Texas', 'Speaker', 'African American', 'Internet', 'Appalachia', 'China', 'American', 'child labor', 'Colombia', 'Information technology', 'CHIP', 'Peace Corps', 'census', 'bio-fuels', 'Columbine', 'biological weapons', 'Social Security reform', 'Social Security', 'Pensions', 'Iran', 'Bill Cohen', 'outline', 'solvent', 'medical emergency', 'Employment Non-Discrimination Act', 'American Dream', 'IDAs', 'Texas', 'nuclear weapons', 'Solar-powered robots', 'Serbia', 'tithe', 'American male judoka', 'place', 'WTO', 'Wyoming', 'insurance', 'Buildings and structures in the United States destroyed by arson']"
28,Bush_2001.txt,Bush,2001,"['1927 births', 'Medicare', 'University of Miami alumni', 'drug addiction', 'Income taxes', 'Pennsylvania', 'country strong', 'Cheney', 'bridge', 'Cold War', 'television show', 'cancer', 'Commerce Secretary', 'Constitution', 'President', 'California', 'pregnancy', 'philosophy', 'brownfields', 'network administrator', 'Kennedy', 'Congress', 'free trade', '1800 establishments in Washington, D.C.', 'income tax', 'Philadelphia', 'character education', 'trust', 'Tonight', 'Baseball players from Missouri', 'The agenda', 'United States', 'Republican', 'racial profiling', 'Yogi Berra', 'city', 'Federal assistance in the United States', 'Lianna', 'inflation', 'minding', 'logic', 'charter school', 'national debt', 'homelessness', 'poverty', 'currency', 'Clinical pharmacology', 'Evans', 'balanced budget', 'populated place', 'Former capitals of the United States', 'public school', 'Federal Reserve', 'Currencies of Ecuador', 'teen', 'prescription drug', 'THOMAS', 'Burials in Braintree, Massachusetts', 'organisation', 'senior members', 'White House', 'Dick Cheney', 'Vice President', 'energy', 'child credit', 'JOE MOAKLEY', 'mayor', 'alternative energy', 'Free trade', 'death tax', 'agent', 'baby boom', '1682 establishments in Pennsylvania', 'Wealth in the United States', 'Child poverty', 'domestic violence', 'dollar', 'missile', 'Politicians from Boston', 'settlement', 'Energy ministers', 'baseball player', 'person', 'Spanish', 'People associated with the Boy Scouts of America', 'Reading', 'Buildings and structures in Washington, D.C.', 'Democrat', 'God', 'Historical currencies of the United States', 'Capitol', 'drug', 'Bipartisanship', 'energy policy', 'Energy Secretary', 'Baltimore–Washington metropolitan area', 'Speaker', 'Cabinet of the United States', 'Benjamin Henry Latrobe buildings and structures', 'Washington, DC', 'American', 'marble', 'Washington', 'internationalism', 'racism', 'chari', 'Social Security', 'good people', 'outline', 'John Ashcroft', 'place', 'insurance']"
26,Bush_2002.txt,Bush,2002,"['Christmas', 'flight attendant', 'Medicare', 'hijacked', 'Cheney', 'Europe', 'Afghanistan', 'Internal affairs ministries', 'Homeland security', 'homeland security', 'George Miller', 'reauthorize', 'Guantanamo Bay', 'Senate', 'free speech', 'Earth', 'Congress', 'free trade', 'secret police', 'Republican Party (United States)', 'India', 'poison gas', ""History of the Ba'ath Party"", 'Hamas', 'United States', '1624 establishments in North America', 'pension', 'Fashion magazines', 'Chairman Hamid Karzai', 'chamber', 'Members of the United States House of Representatives from New Hampshire', 'CIA', 'Laura Bush', 'Members of the United States House of Representatives from Ohio', 'Philippines', 'Band', 'flaunt', 'Islamic Jihad', 'anthrax', 'poverty', 'Cities in the New York metropolitan area', 'AmeriCorps', 'momentum', 'Employee benefits', 'company', 'Pakistan', 'populated place', 'Time', 'bioterrorism', 'nerve gas', 'Ground Zero', 'John Boehner', 'Iraq', 'Republicans', 'emer', 'Ted Kennedy', 'human events', 'Afghan', 'outlaw', 'accounting', 'coffee', 'international', 'pain', 'Crawford', 'Kabul', 'organisation', 'Somalia', 'Bosnian', 'Political history of the United States', 'Asia', 'Vice President', 'welfare reform', 'energy', 'child credit', '1946 births', 'mirror', 'suicide', 'American flag', '401K', '1624 establishments in the Dutch Empire', 'Musharraf', 'Hague Academy of International Law people', 'death tax', 'British India', 'Pentagon', 'agent', 'missile', 'Shannon', 'Africa', 'North Korea', 'Iranian people', 'Navy', 'Latin America', 'interim leader', 'person', 'country', 'intelligence', 'terrorism', 'Blackmail', 'football', 'God', 'government agency', 'Social law', 'firefighter', 'unemployment benefits', 'Speaker', 'al Qaeda', 'New York', 'recession', 'American', 'public health', 'First Lady', 'Peace Corps', 'blackmail', 'roll', 'Pensions', 'Social Security', 'Iran', 'Stronger', 'doubles', 'nuclear weapons', 'Judd Gregg', '1942 establishments in Ireland', 'bomb', 'chemical weapons', 'Hezbollah', 'place', 'Russia']"
25,Bush_2003.txt,Bush,2003,"['Paris', 'Russia', 'Lists of members of the United States House of Representatives', 'Help Wanted', 'Powell', 'Medicare', 'Ebola', 'Korean Peninsula', 'drug addiction', 'Income taxes', 'Pennsylvania', 'Cheney', 'Europe', 'defiance', 'Afghanistan', 'Homeland Security', 'Go', 'American justice', 'wildlife', '21st-century executions by Iraq', 'reckoning', 'AIDS', 'electric shock', 'States and territories established in 1988', 'acid', 'Senate', 'California', 'President', 'mustard', 'Abuse of the legal system', 'Earth', 'VX nerve agent', 'addiction', 'mass murder', 'Congress', 'chemical reaction', 'mutilation', 'income tax', 'double taxation', 'Middle East', 'International Atomic Energy Agency', 'Tonight', 'trust', 'Security Council', 'United States', '1624 establishments in North America', 'Japan', 'chamber', 'Providence', 'aluminum', 'Hormuz', 'CIA', 'frivolous lawsuit', 'Buffalo', 'oxygen', 'havoc', 'Health care reform', 'logistics', 'economic sanctions', 'human cloning', 'uranium', 'germ warfare', 'cruise missile', 'anthrax', 'Israel', 'botulinum toxin', 'Caribbean', 'company', 'Singapore', 'balanced budget', 'Milan', 'nuclear program', 'Two-state solution', 'Imagine', 'Yemen', 'bioterrorism', 'torture', 'London', 'Iraq', 'Soviet Union', 'nuclear weapon', 'FBI', '19 hijackers', 'outlaw', 'soul', 'United Nations Security Council', 'Hamburg', 'Saudi', 'U.N.', 'international', 'stock market', 'software', 'Korean', 'battle', 'East Africa', 'Dick Cheney', 'Vice President', 'energy', 'child credit', 'Palestine', 'American flag', '1624 establishments in the Dutch Empire', 'rape', 'preventive medicine', 'idealism', 'energy efficiency', 'abortion', 'Southeast Asia', 'Pentagon', '20th-century politicians', 'human rights', 'respiratory failure', 'treaties', 'missile', 'Iraqi refugees', '21st-century novelists', 'medicine', '1948 establishments in Israel', 'lengths', 'virus', 'Gibraltar', 'plague', 'Africa', 'Northeastern United States', 'scavenger hunt', 'horror', '1st-millennium BC establishments in Italy', 'person', 'South Africa', 'communism', 'U-2', 'democracy', 'dividend', 'Dividends', 'terrorism', 'intelligence', 'God', 'Washington, D.C.', 'South Korea', 'Baltimore–Washington metropolitan area', 'Speaker', 'air pollution', 'al Qaeda', 'United Nations', 'Articles containing video clips', 'New York', 'recession', 'Shareholders', 'American', 'China', 'Washington', 'smallpox', 'blackmail', 'biological weapons', 'Social Security', 'sarin', 'Iran', '1787 establishments in the United States', 'command-and-control', 'dictator', 'energy independence', 'nuclear weapons', 'Madrid', 'Saddam Hussein', '1982 establishments in England', 'bomb', 'American Armed Forces', 'full force', 'place', 'Baton Rouge, Louisiana', 'insurance']"
22,Bush_2004.txt,Bush,2004,"['Medicare', 'uranium enrichment', 'defiance', 'Cheney', 'Bali', 'Afghanistan', 'homeland security', '21st-century executions by Iraq', 'television show', 'Dog sports', 'Netherlands', 'illegal immigration', 'biotechnology', 'President', 'Pell Grants', 'Grand Crosses of the Order of Vytautas the Great', 'health care costs', 'Ashley', 'Bush', 'mass murder', 'Congress', 'Indonesia', 'Casablanca', 'Middle East', 'trust', 'Tonight', 'Security Council', 'veto', 'United States', 'Japan', 'chamber', 'Clinton', 'greater power', 'Philippines', 'Band', 'Federal assistance in the United States', 'Norway', 'doctor-patient relationship', 'statute', 'Taliban', 'Australia', 'Great Britain', 'labor unions', 'momentum', 'Clinical pharmacology', 'Khalid Shaikh Mohammed', 'nuclear program', 'company', 'Ukraine', 'torture', 'Blood sports', '1709 establishments in Asia', 'draft', 'Jakarta', 'quo', 'September 11th, 2001', 'Persian', 'Iraq', 'prescription drug', 'Hambali', 'outlaw', 'History of the United Kingdom by period', '1991 establishments in Ukraine', 'fair trade', 'Businesspeople from Connecticut', 'terrorist attack', 'No Child Left Behind Act', 'child tax credit', 'international', 'battle', 'health insurance', 'health savings account', 'Arabic', 'Dick Cheney', 'Vice President', 'energy', '1946 births', 'Advanced Placement', 'rostrum', 'Baghdad', 'death tax', 'Mombassa', 'propaganda', '2002 in law', '20th-century American politicians', 'Istanbul', '20th-century politicians', 'diabetes', 'Child poverty', 'dollar', 'Italy', 'Denmark', 'performance-enhancing drugs', '21st-century novelists', 'medicine', 'Education in the United States', 'English-speaking countries and territories', 'health savings accounts', 'North Korea', 'person', 'grassroots', 'democracy', 'sexually transmitted diseases', 'intelligence', 'terrorism', 'Saddam', 'football', 'Poland', 'God', 'Thailand', 'refundable tax credit', 'drug', 'World Trade Center', 'hunting', 'South Korea', 'Homeland Security Department', 'Lincoln, Rhode Island', 'Spain', 'The killers', 'Speaker', 'United Nations', 'recession', 'American', '107th United States Congress', 'Afghan Army', 'Pacific', 'biological weapons', 'Social Security', 'Iran', 'dictator', 'El Salvador', '20th-century American writers', 'American motivational speakers', 'capital gains', 'Inflation', 'nuclear weapons', 'Jerusalem', 'Bulgaria', 'Libya', 'al-Qaida', 'Colonel', 'Saddam Hussein', 'Iraqi Governing Council', 'Romania', 'abstinence', 'place', 'heart disease', 'insurance', 'Riyadh']"
21,Bush_2005.txt,Bush,2005,"['African-American women writers', 'Sharon', 'National Assembly', 'Cajun people', 'uranium enrichment', 'Syrian government', 'Cheney', 'Europe', 'Afghanistan', 'asbestos', 'American pop rock singers', 'American child activists', '21st-century executions by Iraq', 'AIDS', 'reauthorize', 'States and territories established in 1988', 'slavery', 'Constitution', 'President', 'Pell Grants', 'Senate', 'States and territories established in 882', 'health care costs', 'faithfully', 'mass murder', '1787 in the United States', 'Congress', 'power plant', '1800 establishments in Washington, D.C.', 'reprocessing', 'nuclear energy', 'Egypt', 'Middle East', 'trust', 'Tonight', 'community health center', 'Saudi Arabia', 'NATO', 'Tehran', 'guest workers', 'United States', 'Providence', 'Clinton', 'Laura Bush', 'Critics of Islamophobia', 'Band', 'Federal assistance in the United States', 'inflation', 'John Breaux', 'Palestinian people', 'clean coal', 'Israel', 'momentum', 'Marine Corps', 'Pakistan', 'Ukraine', 'United States Congress', 'Lebanon', 'Jordan', 'fascism', 'Iraq', 'FBI', 'high school diploma', 'plutonium', '1789 in American law', '1991 establishments in Ukraine', 'No Child Left Behind Act', 'Palestinian', 'international', 'Female United States presidential candidates', 'Syrian', 'ethanol', 'battle', 'International factor movements', ""Ba'athist rulers"", 'Mom', 'medical error', 'Asia', 'Vice President', 'Syria', 'energy', 'Palestine', 'young Americans', 'mirror', 'American keyboardists', 'Baghdad', 'Palestinian territories', 'memory', 'reporter', 'idealism', 'agent', 'human rights', '20th-century politicians', 'Norwood', 'interpreter', 'Burials in Indiana', 'Ryan White', 'Pflugerville, Texas', 'Fallujah', '21st-century novelists', 'medicine', 'Education in the United States', '1948 establishments in Israel', 'Bahrain', 'health savings accounts', 'North Korea', 'Iranian people', 'DNA', 'person', 'Iraqi security forces', 'communism', 'Cities in Tehran Province', 'democracy', 'Janet', 'bankruptcy', 'country', 'renewable', 'intelligence', 'terrorism', 'Saddam', 'Small business', 'Palestinian Territories', 'European Union', 'Tim Penny', 'Subsidies', 'Thrift Savings Plan', 'Palestinians', 'Capitol', 'Damascus', 'God bless America', 'AIDS-related deaths in Indiana', '1789 in American politics', 'Franklin Roosevelt', 'Speaker', 'African American', 'al Qaeda', 'Benjamin Henry Latrobe buildings and structures', 'United Nations', 'Byron', 'recession', 'American', 'activist judges', 'Patrick', 'First Lady', 'Social Security', 'Iran', 'Prime Minister', 'nuclear weapons', 'commodity', 'Saddam Hussein', 'album', 'place', 'Morocco', 'Sergeant', 'insurance']"
23,Bush_2006.txt,Bush,2006,"['Medicare', 'natural disaster', 'Luther', 'line-item veto', 'Cheney', 'Europe', 'Afghanistan', 'wood', 'homeland security', 'American child activists', 'Medicaid', 'American animated television series', '21st-century American judges', 'AIDS', 'Roosevelt', 'reauthorize', 'malaria', 'slavery', 'Constitution', 'President', 'Senate', 'Health Savings Accounts', 'Earth', 'Dad', 'Hindsight', 'corn', 'Gulf Coast', 'addiction', ""Sandra Day O'Connor"", 'mass murder', 'American women judges', 'Congress', 'Kennedy', 'nuclear energy', 'Egypt', 'Harry S. Truman', 'Middle East', 'Baby Boom', 'trust', 'Tonight', 'Saudi Arabia', 'India', 'Arizona State Senators', 'insurgency', 'Hamas', 'United States', 'Republican', 'Capitol dome', 'Japan', 'African-American', 'HIV', 'hybrid', 'Laura Bush', 'Burma', 'roadside bomb', '1732 births', 'human cloning', 'Isolationism', 'doctor-patient relationship', 'Palestinian people', 'statute', 'Zimbabwe', 'organized crime', 'Israel', 'poverty', 'Coretta Scott King', 'Lisa', 'company', 'Lebanon', 'protectionism', 'Supreme Court', 'Forced migration', 'supercomputing', 'September 11th, 2001', 'London', 'Baby Boomers', 'egregious abuses', 'Beslan', 'Constitutional courts', 'Iraq', 'Legislative speakers', 'place', 'nanotechnology', 'evil empire', '1985 introductions', 'rally', 'New Orleans', 'No Child Left Behind Act', 'international', 'revolutionary', 'tax credit', 'Lincoln', 'ethanol', 'maze', 'health insurance', '1718 establishments in New France', 'heartless', 'Staff Sergeant', 'Selma', 'Dick Cheney', 'Vice President', 'Syria', 'energy', 'earmark', 'switch grass', 'welfare reform', 'refugee', 'alternative energy', 'rostrum', 'Palestinian territories', 'memory', 'Refugees', 'totalitarian', 'isolationism', 'idealism', 'drug trafficking', 'Bill Clinton', 'Politicians from Boston', 'Ryan White', 'Fallujah', 'Reagan', 'The answer', 'medicine', '1948 establishments in Israel', 'North Korea', 'person', 'People associated with the Boy Scouts of America', 'Iraqi security forces', 'matchless', 'democracy', 'terrorism', 'intelligence', 'wind', 'hydrogen', 'Democrat', 'European Union', 'solar', 'God', 'heavy gear', 'Birmingham', 'Washington, D.C.', 'AIDS-related deaths in Indiana', 'God bless America', 'Types of insurance', 'Baltimore–Washington metropolitan area', 'second-rate', '1980 establishments in Zimbabwe', 'Martin', 'Speaker', 'presidential election', 'Truman', 'China', 'American', 'Washington', 'dependence', 'First Lady', 'genocide', 'Chief Justice', 'Social Security', 'Iran', 'terrorist surveillance program', 'segregation', 'Sam Alito', 'nuclear weapons', 'human trafficking', 'OB-GYN', 'ink', 'al-Qaida', 'abstinence', 'Royal families', 'relentless', 'Advanced Energy Initiative', 'death camps', 'Pop record labels', 'insurance', 'guest worker program']"
24,Bush_2007.txt,Bush,2007,"['Russia', 'Millennium Challenge Account', '1923 establishments in California', 'aisle', 'Gulf States', 'Medicare', 'Border Patrol', 'Korean Peninsula', 'Iraqi Army', 'hijacked', 'local elections', 'Cheney', 'Dikembe Mutombo', 'African-American judges', 'wood', 'Afghanistan', 'Pierre Gemayel', 'Shia Islam', 'Medicaid', 'fuel economy', '21st-century American judges', 'television show', 'AIDS', 'Roosevelt', 'reauthorize', 'clean diesel', 'malaria', 'Senate', 'President', 'Health Savings Accounts', 'Shia', 'malignant', 'Samarra', 'Earth', 'Holy Land', 'Congo', 'Strategic Petroleum Reserve', 'wind energy', 'social entrepreneur', 'Congress', '1800 establishments in Washington, D.C.', 'Islamist', 'Egypt', 'Middle East', 'Ottoman Lebanese people', 'Tonight', 'Saudi Arabia', 'NATO', 'gallery', 'Tehran', 'John Walsh', 'reconnaissance', 'United States', 'Japan', 'earmarks', 'immigration reform', '1658 establishments in North America', 'chamber', 'hybrid', 'Darfur', 'Burma', 'Walt Disney', 'city', 'Band', 'Iranian provincial capitals', 'inflation', '2001 in Pennsylvania', 'battery', 'Governorates of Iraq', 'sectarian violence', 'gasoline', 'Taliban', 'United States Army', 'John Thompson', 'anthrax', 'bank', 'clean coal technology', 'Israel', 'Georgetown University', 'poverty', 'Marine Corps', 'Osama bin Laden', 'West Coast', 'company', 'subway', 'Lebanon', 'Humvee', 'Wesley', 'tax deduction', 'Jordan', 'Conflicts in 2005', 'Health in the United States', 'Thomas', 'melting pot', 'Iraq', 'Arab', 'Anbar Province', 'Afghan', 'Atlantic Ocean', 'No Child Left Behind Act', 'Charlie Norwood', 'Muslim', 'U.N.', 'Palestinian', 'Tim Johnson', 'shrapnel', '9/11', 'Syrian', 'ethanol', 'health insurance', 'battle', 'organisation', 'electric power', 'Vice President', 'earmark', 'energy', 'biodiesel', 'Syria', 'NBA', 'Al Qaeda', 'rostrum', 'Baghdad', 'totalitarian', 'Hate crimes', '2002 in law', 'Harlem', 'Einstein', 'United States Senate', 'African-American Catholics', 'Education in the United States', '1948 establishments in Israel', 'medicine', 'Africa', 'C-SPAN', 'Golden Mosque', 'person', 'climate change', 'Buildings and structures in Washington, D.C.', 'plug-in', 'Cities in Tehran Province', 'democracy', 'Tax-advantaged savings plans in the United States', 'renewable', 'Democrat', 'Sunni', 'intelligence', 'epic', 'Independence, Kentucky', 'solar', '2001 in New York', 'Army', 'European Union', 'payroll tax', 'political party', 'Belarus', 'God', 'Capitol', 'South Korea', 'Silver Star', 'Speaker', 'Truman', 'Benjamin Henry Latrobe buildings and structures', 'al Qaeda', 'reserve', 'United Nations', 'China', 'American', 'Baltimore, Maryland', '107th United States Congress', 'Washington', 'dependence', '1658 establishments in the Dutch Empire', 'Nancy', 'nuclear power', 'Social Security', 'Iran', 'blood', 'Border guards', 'debt relief', 'United States Marines', 'nuclear weapons', 'Cuba', 'Cedar Revolution', 'Royal families', 'American Armed Forces', 'North Atlantic', 'Hezbollah', 'place', 'Sergeant', 'insurance']"
0,Bush_2008.txt,Bush,2008,"['duty-free', 'Millennium Challenge Account', 'Lists of members of the United States House of Representatives', 'Provincial Reconstruction Teams', 'Mortgage industry of the United States', 'Medicare', 'Cheney', 'Afghanistan', 'gavel', 'Spaceflight technologies', 'Medicaid', 'Donna Shalala', 'AIDS', 'reauthorize', 'Constitution', 'Senate', 'Affordable housing', 'Pell Grants', 'Cities in the New Orleans metropolitan area', 'Shia', 'Earth', 'USA', 'Fannie Mae', 'Holy Land', 'Rocket engines', 'Gulf Coast', 'philosophy', 'Congress', 'free trade', 'Philadelphia', 'Middle East', 'trust', 'Tonight', 'combat team', 'nuclear enrichment', 'India', 'veto', 'NATO', 'greenhouse gases', 'Tehran', 'Hamas', 'United States', 'Republican', 'cloning', 'earmarks', 'pension', 'chamber', 'Persian Gulf', 'breed', 'clean energy', 'energy security', 'havoc', 'Burma', 'city', '1816 deaths', 'overwatch', 'battery', 'uranium', 'sectarian violence', 'Taliban', 'hotel', 'General Petraeus', 'Zimbabwe', 'Mexico', 'militia', 'al Qaida', 'Israel', 'executive order', 'momentum', 'Gouverneur Morris', 'Anbar Awakening', 'Osama bin Laden', 'famine', 'company', 'Foreign Service', 'Pakistan', 'Ukraine', 'Lebanon', 'Kurds', 'Jordan', 'draft', 'American military personnel of the Iraq War', 'Sudan', 'London', 'populism', 'Boehner', 'Iraq', 'Republicans', 'Legislative speakers', 'nuclear weapon', 'Rocket propulsion', 'Illegal immigration', 'Afghan', 'New Orleans', '1991 establishments in Ukraine', 'No Child Left Behind Act', 'Palestinian', 'international', 'pain', '9/11', 'software', 'Hispanic', 'health insurance', '1718 establishments in New France', 'Panama', 'White House', 'Dick Cheney', 'Vice President', 'earmark', 'Palestine', 'Los Angeles', 'Al Qaeda', 'rostrum', 'Opportunity', 'high school dropouts', 'Baghdad', '1682 establishments in Pennsylvania', '110th Congress', 'IRS', 'Companies based in Washington, D.C.', 'privacy', 'hemisphere', 'medicine', '1948 establishments in Israel', 'Sunnis', 'health savings accounts', 'person', 'Peru', 'Reading', 'carbon emissions', 'climate change', 'Iraqi security forces', 'My fellow Americans', 'grassroots', 'Cities in Tehran Province', 'Georgia', 'democracy', 'Atlantic', 'renewable', 'intelligence', 'Sunni', 'Palestinian Territories', 'Army', 'Canada', 'Belarus', 'Afghans', 'embryonic stem cells', 'congressional earmarks', 'God bless America', 'South Korea', 'Federal Convention', 'Freddie Mac', '1980 establishments in Zimbabwe', 'foreclosure', 'Speaker', 'African American', 'al Qaeda', 'American military personnel of the War in Afghanistan (2001–2014)', 'Ramallah', 'Articles containing video clips', 'Federal Housing Administration', 'Colombia', 'American', 'Washington', 'dependence', 'genocide', 'Afghan Army', 'nuclear power', 'Bob Dole', 'Social Security', 'Iran', ""Alumni of women's universities and colleges"", 'Doha Round', 'Madrid', 'Solar-powered robots', 'Jerusalem', 'Cuba', 'Hezbollah', 'place', 'agriculture', 'Palestinians']"
18,Obama_2009.txt,Obama,2009,"['United States housing bubble', 'Lists of members of the United States House of Representatives', 'mass transit', 'Minneapolis', 'Industrial Revolution', 'Medicare', 'American Protestants', 'Korea', 'Afghanistan', 'mortgage', 'reckoning', 'cancer', 'Real property law', 'Guantanamo Bay', 'President', 'Interwar period', 'magnitude', 'Earth', 'forge', 'Congress', 'GI Bill', 'financial market', 'Germany', 'pandemic', 'trust', 'Edward Kennedy', 'automobile', 'United States', 'Japan', 'earmarks', 'recovery.gov', 'chamber', 'Teddy Roosevelt', '1920s in Germany', 'clean energy', 'wind power', 'dime', 're-finance', 'clean coal', 'biofuels', 'musical work', 'Israel', 'mountain', 'poverty', 'currency', 'Brigham Young University alumni', 'protectionism', 'Miami', 'broadband', 'Election', 'planet', 'Minneapolis–Saint Paul', 'torture', 'South Carolina', 'root', 'Iraq', 'Republicans', 'Currencies of Ecuador', '20th-century Calvinist and Reformed Christians', 'Vice presidents', 'high school diploma', 'global recession', '20th-century Mormon missionaries', 'stock market', 'tax credit', 'health insurance', 'strings attached', 'cap', 'Cities in Minnesota', 'Inspector General', 'Vice President', 'G-20', 'energy', 'Hague Academy of International Law people', 'Baroque pop songs', 'equivocation', 'dollar', 'carbon', 'Dillon, South Carolina', 'Great Depression', 'privacy', 'Kansas', 'County seats in Minnesota', 'medicine', '1948 establishments in Israel', 'English-speaking countries and territories', 'civil war', 'health care reform', 'person', 'climate change', 'plug-in', 'national service', 'bankruptcy', 'country', 'renewable', 'terrorism', 'tornado', 'wind', 'solar', 'Lists of office-holders in the United States', 'Billboard Hot 100 number-one singles', 'depression', 'foreclosure', 'unemployment benefits', 'Speaker', 'al Qaeda', 'Cities in Miami-Dade County, Florida', 'recession', 'China', 'American', 'solar power', 'Washington', 'First Lady', 'dependence', 'library', 'roll', 'Cities in Miami metropolitan area', 'Social Security', 'Yesterday', 'Cabinet', 'Cities in Florida', 'The weight', 'nuclear proliferation', 'skepticism', 'God Bless', 'full force', 'Orrin Hatch', 'American male judoka', 'place', 'early childhood education', 'insurance']"
14,Obama_2010.txt,Obama,2010,"['Russia', 'African-American women writers', 'Christmas', 'revamp', 'Medicare', 'Islamic Republic', 'tax incentive', 'Acronyms', 'Pennsylvania', 'Europe', 'arms control', 'Afghanistan', 'Civil Rights Division', 'mortgage', 'Galesburg, Illinois', 'homeland security', 'lost decade', 'Medicaid', 'Black', 'Indiana', 'cancer', 'AIDS', 'South Asia', 'Constitution', 'President', 'Phoenix', 'Senate', 'California', 'Pell Grants', 'forge', 'developing countries', 'Nuclear Security Summit', 'Congress', 'Kennedy', 'pay-as-you-go', 'Philadelphia', 'financial market', 'Germany', 'trust', 'Tonight', 'Michelle', 'India', 'veto', 'National supreme courts', 'Rejected or withdrawn nominees to the United States Executive Cabinet', 'Michelle Obama', 'Identity politics', 'good governance', 'United States', 'Republican', 'false choice', 'investment fund', 'chamber', 'spectrum', 'Members of the United States House of Representatives from New Hampshire', 'Populated places established in 1817', 'CEO', 'clean energy', 'housing bubble', 'United Church of Christ members', 'dime', 'city', 'Haiti', 'civil rights', 'Jill Biden', 'biofuels', 'national debt', 'full employment', 'mountain', 'Election Day', 'poverty', 'untouched', 'G20', 'executive order', 'company', 'Anti-obesity activists', 'bioterrorism', 'torture', 'Time', 'anti-poverty program', 'Supreme Court', 'quo', 'London', 'Constitutional courts', 'Iraq', 'Republicans', 'Legislative speakers', 'prescription drug', 'high school diploma', 'Elyria, Ohio', 'tonight, tonight', 'employment discrimination', 'Muslim', 'international', 'pain', 'Bloody Sunday', 'tax credit', '9/11', 'Little League', 'health insurance', 'gay', 'supermajority', 'Government finances in the United States', 'Panama', 'White House', 'infectious disease', 'Asia', 'Vice President', 'earmark', 'energy', 'young Americans', 'Interstate Highway System', 'fever', 'Doha', 'Omaha Beach', 'North Carolina', 'root canal', 'Kent Conrad', 'agent', 'Ronald Reagan', 'human rights', '1682 establishments in Pennsylvania', 'Democratic', 'clean coal technologies', 'North Korea', 'Human rights concepts', 'health care reform', 'person', 'climate change', '1804 establishments in North America', 'democracy', 'Louisiana', 'African-American women in politics', 'Democrat', 'intelligence', 'Allentown, Pennsylvania', 'Small business', 'solar', 'rein', 'God', 'Afghans', 'Washington, D.C.', 'South Korea', 'depression', 'unemployment benefits', 'Speaker', 'al Qaeda', 'recession', 'Colombia', 'China', 'American', '1986 in law', 'Washington', 'Bull Run', 'First Lady', 'public health', 'Tampa, Florida', 'Pacific', 'nuclear power', 'Arabian Peninsula', 'Social Security', 'Iran', 'COBRA', 'capital gains', 'Tomorrow', 'Judd Gregg', 'nuclear weapons', 'childhood obesity', 'place', 'Congressional Budget Office', 'insurance']"
15,Obama_2011.txt,Obama,2011,"['Iraq War', 'Lists of members of the United States House of Representatives', 'red tape', 'Medicare', 'Korea', 'transcontinental railroad', 'counter-terrorism', 'Europe', 'Proctor', 'Afghanistan', 'science fair', 'high-speed rail', 'con', 'turf', 'Medicaid', 'Politics of Afghanistan', 'Oregon', 'Asian', 'GPS', 'Howard', 'biotechnology', 'Colorado', 'James', 'California', 'Hindu', 'Constitution', 'Brandon', 'Iowa', 'Earth', 'free enterprise', 'health care costs', 'writ', 'forge', '1845 establishments in the United States', ""4th Queen's Own Hussars officers"", 'Congress', 'computer', 'Robert Kennedy', 'salmon', 'train station', 'Tunisia', 'credit card', 'Tonight', 'Arizona State Senators', 'India', 'veto', 'insurgency', 'NATO', 'Native American', 'United States', 'Republican', 'earmarks', 'Google', 'superpower', 'missile defense', 'clean energy', '1969 deaths', 'Taliban', 'digital', 'clean coal', 'biofuels', '1890 births', ""Burials at St Martin's Church, Bladon"", 'mountain', 'sleep', 'science education', 'company', 'Pakistan', 'tax break', 'South Sudan', 'Scranton', 'planet', 'Cincinnati', 'No Child Left Behind', 'electronic medical records', 'Association of Catholic Colleges and Universities', 'John Boehner', 'Facebook', 'root', 'Baby Boomers', 'school', 'Iraq', 'Republicans', 'Interior Department', 'Denver', 'high school diploma', 'Aerodynamicists', 'corporate tax', 'Afghan', 'interstate highway system', 'Jewish', 'natural gas', 'Wright brothers', 'Health insurance', 'Muslim', 'stock market', 'tax credit', '9/11', 'Korean', 'health insurance', 'mouse', 'flag', 'Filmed accidental deaths', 'gay', 'pre-existing condition', 'Panama', 'parade', 'White House', 'Asia', 'energy', 'Randolph', 'Tucson', 'James VI and I', '1837 establishments in the United States', 'Oak Ridge National Laboratory', 'North Carolina', 'Firefighters', 'Pentagon', 'bookkeeping', 'Kathy', 'Democratic', 'Commonwealth Chairpersons-in-Office', '112th Congress', 'Space Race', 'deportation', 'Super Bowl', 'Brazil', 'Commerce Department', 'Michigan', 'great strides', 'Afghan border', 'Dwight Eisenhower', 'Chile', 'brain cancer', 'North Korea', 'START Treaty', 'Protective service occupations', 'Sputnik', '1957 in international relations', 'person', 'Midwest', 'democracy', 'nonpartisan', 'renewable', 'intelligence', 'wind', 'solar', 'American Reform Jews', 'Alabama', 'rein', 'medical malpractice', 'Afghans', 'Assassinated American politicians', 'Plan B', 'firefighter', 'Christian', 'Special Air Service officers', 'energy policy', 'South Korea', 'Types of insurance', '19th-century American scientists', 'insurance', 'NASA', 'Speaker', 'al Qaeda', 'Internet', 'recession', 'China', 'American', 'Colombia', 'child labor', 'Washington', 'dependence', 'Gabby Giffords', 'satellite', 'Pacific', '1850 establishments in California', 'Arabian Peninsula', 'wireless', 'Social Security', 'Iran', 'dictator', 'El Salvador', 'Latino', 'American Dream', 'working class', 'Texas', 'nuclear weapons', 'Jesuit universities and colleges in the United States', 'Korean peninsula', 'Americas', 'God Bless', 'Edison', 'place', 'Russia', 'Apollo']"
12,Obama_2012.txt,Obama,2012,"['Iraq War', 'African-American women writers', 'red tape', 'Tunis', 'SEAL', 'Medicare', 'Contestants on American game shows', 'Golden Gate Bridge', 'Tom Coburn', 'Europe', 'Afghanistan', 'Raleigh', 'Steve Jobs', 'executive branch', 'mortgage', 'bridge', 'shale', 'Spaceflight technologies', 'Medicaid', 'Attorney General', 'billionaire', 'oil reserves', 'Patton', 'scrambling', 'Cape Town', 'cancer', 'Asian', 'illegal immigration', 'erica', 'President', 'Senate', 'computer chip', 'nation-building', 'North Africa', 'Jews', 'Earth', 'oil spill', 'Cairo', 'Rocket engines', 'Bus manufacturers', 'Congress', 'helicopter', 'Abraham Lincoln', 'Situation Room', '1903 establishments in Michigan', 'ironclad', 'Andrews Air Force Base', 'Ford', 'credit card', 'Germany', 'Louisville', 'Tonight', 'trust', 'Middle East', 'Michelle', '1937 in California', 'Orlando', 'General Motors', 'Marine propulsion', 'Warren Buffett', 'salute', 'free market', 'United States', 'Republican', 'data management', 'Cleveland', 'Chicago', 'immigration reform', ""Sana'a"", 'chamber', 'CEO', 'Billionaires', 'clean energy', 'housing bubble', 'bad debt', 'Burma', 'city', '1936 establishments in Arizona', 'Seoul', 'battery', 'bomber', 'Taliban', 'Jill Biden', 'Israel', 'Government spending', 'poverty', 'untouched', 'executive order', 'momentum', 'Richard Cordray', 'Osama bin Laden', 'nuclear program', 'company', 'insider trading', 'tax break', 'Pakistan', 'Imagine', 'broadband', 'tax deduction', 'Yemen', 'Airports in Maryland', 'runaround', 'fascism', 'al-Qaeda', 'quo', 'rock', 'Tax reform', 'Hoover Dam', 'Iraq', 'Businesspeople from the San Francisco Bay Area', 'Tokyo', 'Republicans', 'nuclear weapon', 'Hillary Clinton', 'Rocket propulsion', '1457 establishments', 'Afghan', '7th-century BC establishments in Africa', 'Pittsburgh', 'Milwaukee', 'payday lender', 'American insurance businesspeople', 'natural gas', 'tax credit', 'software', 'Central Piedmont Community College', 'maze', 'health insurance', 'Conglomerate companies of Germany', 'Berlin', 'battle', 'gay', 'flag', 'George Bush', 'Panama', 'Asia', 'Vice President', 'power grid', 'energy', 'Syria', 'milk', 'Tripoli', 'Bob Gates', 'Chrysler', 'North Carolina', 'Siemens', 'American stockbrokers', 'financial institution', 'Job Corps', '20th-century politicians', '1936 establishments in Nevada', 'outsourcing', 'Democratic', 'Great Depression', 'All articles with unsourced statements', 'deportation', 'Michigan', 'Pacific power', '1948 establishments in Israel', 'robotics', 'Navy', 'person', 'climate change', 'World War II', 'African-American women in politics', 'renewable', 'Democrat', 'laser', 'wind', 'solar', 'counterfeit', 'Army', 'imperative', 'payroll tax', 'rein', 'God', 'G.I.', 'Detroit', 'South Korea', 'Chinese', 'depression', 'mercury', 'Speaker', 'Internet', 'recession', 'China', 'American', 'Colombia', 'class warfare', 'Washington', 'gas turbine', 'Social Security', 'Iran', 'blood', 'Airfields of the United States Army Air Forces in Maryland', 'Latino', 'Charlotte', 'Toledo', 'wind turbine', '1982 establishments in England', 'Gaddafi', 'Americas', 'retool', 'shirk', 'place', 'fixed income', 'Russia']"
11,Obama_2013.txt,Obama,2013,"['Lists of members of the United States House of Representatives', 'air traffic control', 'red tape', 'drought', 'Medicare', 'Affordable Care Act', 'Aung San Suu Kyi', 'counter-terrorism', 'Europe', '1634 establishments in the Dutch Empire', 'New York City', 'Afghanistan', 'high-speed rail', 'Boston Consulting Group people', 'mortgage', 'human brain', 'Caterpillar', 'energy market', 'John McCain', 'Aviators from the Panama Canal Zone', 'Constitution', 'Senate', 'President', 'background check', 'free enterprise', 'health care costs', 'Earth', 'pregnancy', 'Brian Murphy', 'Sikh temple', 'Bus manufacturers', 'wind energy', 'forge', 'Delaware lawyers', 'majorette', 'Congress', 'Kennedy', 'polling place', '1903 establishments in Michigan', 'Egypt', 'Ford', 'Germany', 'Yangon', 'Middle East', 'Tonight', 'Violence Against Women Act', 'Michelle', 'modern schools', 'Joe Biden', 'United States', '1624 establishments in North America', 'Japan', 'Chicago', 'English', 'chamber', 'missile defense', 'CEO', 'Commander-in-Chief', 'clean energy', 'Apple', 'dime', 'IBM', 'minimum wage', 'Mali', 'Jill Biden', 'Wisconsin', 'Mexico', 'North Miami', 'Israel', 'poverty', 'executive order', 'Clinical pharmacology', 'company', 'planet', 'Yemen', '3D printing', 'food bank', 'Simpson-Bowles commission', 'draft', 'Ports and harbours of Myanmar', 'Oklahoma', 'Oak Creek', 'Republicans', 'nuclear weapon', 'teen', 'prescription drug', 'Joe Lieberman', 'high school diploma', 'Afghan', 'Rangoon', 'Hadiya', '20th-century Mormon missionaries', 'Romney', 'natural gas', 'direct action', 'human genome', 'international', 'stock market', 'brinksmanship', '1848 establishments in the United States', '2002 Winter Olympics', '9/11', 'Syrian', 'Conglomerate companies of Germany', 'gay', 'saddle', 'Somalia', 'Populated places in Yangon Region', 'language', 'Political history of the United States', 'Asia', 'Vice President', 'bump', 'energy', 'power grid', 'Brooklyn', 'United States Armed Forces', 'Tucson', '1624 establishments in the Dutch Empire', 'Trans-Pacific Partnership', 'North Carolina', 'Siemens', 'agent', 'federal minimum wage', 'New York Public Schools', 'magnet', 'domestic violence', 'dollar', 'mental health', 'Nuclear strategies', 'carbon', 'preschool education', 'Transatlantic', 'Burmese', 'gun violence', 'Space Race', 'All articles with unsourced statements', 'Cleo', 'privacy', '1948 establishments in Israel', 'tax reform', 'Africa', 'counterterrorism', 'North Korea', 'person', 'People associated with the Boy Scouts of America', 'climate change', 'American torture victims', 'Georgia', 'democracy', 'Atlantic', 'renewable', 'intelligence', 'gallon', 'wind', 'solar', 'European Union', 'God', 'Blacksburg', 'drug', 'Intel', 'Lists of office-holders in the United States', 'Governor', 'Hurricane Sandy', 'Speaker', 'Languages of Liberia', 'al Qaeda', 'New York', 'recession', 'China', 'American', 'Aurora', 'Washington', 'Gabby Giffords', 'Newtown', 'Jill', 'Arabian Peninsula', 'Social Security', 'Iran', 'Cabinet', '2nd Amendment', 'energy independence', 'Stronger', 'Superstorm Sandy', 'Libya', 'honey', 'Ohio', 'Americas', 'Solar energy', 'Delaware Democrats', 'place', 'Victor', 'Russia']"
3,Obama_2014.txt,Obama,2014,"['Lists of members of the United States House of Representatives', 'Minneapolis', 'brain', 'red tape', 'drought', 'American people of Slovenian descent', 'Medicare', 'Rush', 'Steve Beshear', 'Affordable Care Act', 'Nick', 'Europe', 'New York City', 'Afghanistan', 'Raleigh', 'patent', 'bridge', 'Tennessee', 'church', 'George Miller', 'Medicaid', 'Cold War', 'Craig', 'Earned Income Tax Credit', 'cancer', 'Webby Award winners', 'Guantanamo Bay', 'nuclear bomb', 'eye', 'President', 'Senate', 'Front-wheel-drive vehicles', 'Earth', 'health care costs', 'USA', '2012 Summer Olympic venues', 'Costco', 'Bus manufacturers', 'forge', 'Olympic Stadium', 'fuel efficiency', 'Congress', 'Kennedy', '1800 establishments in Washington, D.C.', 'Adherents of Germanic neopaganism', '1903 establishments in Michigan', 'Ford', 'trust', 'Tonight', 'Michelle', 'savings bond', 'NATO', 'veto', 'typhoon', 'FCC', 'United States', '1624 establishments in North America', 'Republican', 'immigration reform', 'English', 'Google', 'first-class', 'pension', 'chamber', 'Commander-in-Chief', 'CEO', 'Apple', 'Burma', 'dime', 'Philippines', 'roadside bomb', 'minimum wage', 'Mali', 'Arizona', 'West Ham United F.C.', 'Jill Biden', 'Amanda', 'IRA', 'homelessness', 'Israel', 'asthma', 'poverty', 'unemployment insurance', 'nuclear program', 'company', 'young boys', 'Ukraine', 'ninety-eight', 'centrifuges', 'broadband', 'planet', 'Yemen', 'bacteria', 'student loan', 'graveyard shift', 'root', 'Iraq', 'Republicans', 'Soviet Union', 'nuclear weapon', 'Vice presidents', 'Afghan', 'Team USA', '1991 establishments in Ukraine', 'Members of the Kentucky House of Representatives', 'steel', 'Jewish', 'natural gas', 'international', 'tack', 'stock market', 'pain', 'shrapnel', 'Youngstown', 'Syrian', 'health insurance', 'pre-existing condition', 'Great Recession', 'marriage equality', 'cap', 'Somalia', 'White House', 'Vice President', 'Kentucky lawyers', 'energy', 'United States Armed Forces', 'stress', 'Syria', 'mayor', 'Opportunity', '1624 establishments in the Dutch Empire', 'federal lands', 'Kentucky Democrats', 'security agreement', 'Omaha Beach', 'Punch', 'federal minimum wage', 'Ronald Reagan', 'dollar', 'mental health', 'Asia-Pacific', 'carbon', 'drug-resistant', 'gun violence', 'All articles with unsourced statements', 'Voting Rights Act', 'bubble', 'privacy', '1948 establishments in Israel', 'coma', 'Verizon', 'Sergeant First Class', 'tax reform', 'counterterrorism', 'Africa', 'enriched uranium', 'Sandy Hook', 'person', 'People associated with the Boy Scouts of America', 'climate change', 'Misty', 'My fellow Americans', 'Military organization', 'democracy', 'critical thinking', 'bankruptcy', 'African-American women in politics', 'physician assistant', 'Kentucky', 'intelligence', 'terrorism', 'solar', 'Army', 'Microsoft', 'God', 'Tom Harkin', 'dough', 'Palestinians', 'Climate change', 'Detroit', 'Lists of office-holders in the United States', 'preexisting condition', 'energy policy', 'Washington, D.C.', 'God bless America', 'Rubio', 'Governor', 'unemployment benefits', 'forebears', 'Speaker', 'al Qaeda', 'extra time', 'Job Center', 'China', 'American', 'D-Day', 'Washington', 'First Lady', 'sexual orientation', 'Social Security', 'Iran', 'Rangers', 'American Dream', 'childhood obesity', 'expression', 'Americas', 'bomb', 'chemical weapons', 'Hezbollah', 'place', '1796 establishments in the United States', 'post office', 'Mad Men', 'Buildings and structures in the United States destroyed by arson']"
2,Obama_2015.txt,Obama,2015,"['Paris', 'CVS', 'Lists of members of the United States House of Representatives', 'Minneapolis', 'African-American women writers', 'Pope Francis', 'aisle', 'Medicare', '1914 establishments in Michigan', 'Ebola', 'Acronyms', 'lesbian', 'Europe', 'embargo', 'Afghanistan', 'mortgage', 'Tennessee', 'bedrock', 'bridge', '1863 establishments in the United States', 'Medicaid', 'Hawaii', 'Asian', 'cancer', 'Mars', 'UPS', 'South Asia', 'Colorado', 'President', 'North Africa', 'free speech', 'California', 'Earth', 'forego', 'Illinois', 'Rocket engines', '1945 establishments in Egypt', 'Gulf Coast', 'Tesla', 'Congress', 'Minnesota', 'Rebekah', 'Russian', '1800 establishments in Washington, D.C.', 'gridlock', 'credit card', 'Middle East', 'trust', 'Tonight', 'Michelle', 'predatory lending', 'spacecraft', 'veto', 'NATO', '1945 establishments in Africa', 'disability', 'Dodge', 'salute', 'Native American', 'United States', 'Republican', 'Japan', 'Instagram', 'Chicago', 'Google', '1624 establishments in North America', 'Annapolis', 'chamber', 'Commander-in-Chief', 'CEO', 'West Virginia', 'economics', 'bisexual', 'wind power', '1732 births', 'city', 'inflation', 'Banking', 'minimum wage', 'gay marriage', 'Jill Biden', 'digital', 'maternity leave', 'Israel', 'poverty', 'nuclear program', 'company', 'Pakistan', 'Ukraine', 'Imagine', 'planet', 'hacker', 'torture', 'nursing', 'mental illness', 'prosthetics', 'rash', 'New London', 'Iraq', 'Republicans', 'nuclear material', 'Arab', 'nonproliferation', 'melting pot', 'teen', 'Rocket propulsion', 'Middle East conflict', 'West Africa', 'Solar System', 'Great Plains', 'NOAA', 'violent extremism', 'human genome', 'international', 'stock market', 'revolutionary', 'The Pentagon', '9/11', 'software', 'fibrosis', 'health insurance', 'gay', 'cable', 'Selma', 'polio', 'Cities in Minnesota', 'Asia', 'Vice President', 'Syria', 'energy', 'Tucson', 'West, Texas', 'dodge', '1624 establishments in the Dutch Empire', 'unstoppable', 'diabetes', 'outsourcing', 'carbon', 'Democratic', 'Montgomery', 'Jack', 'ISIL', 'anti-Semitism', 'Voting Rights Act', 'privacy', 'West Point', 'County seats in Minnesota', 'medicine', '1948 establishments in Israel', 'hemisphere', 'endanger', 'Boston', 'robotics', '1945 establishments in Asia', 'Beijing', 'person', 'climate change', 'criminal justice', 'oil pipeline', 'Midwest', 'World War II', 'My fellow Americans', 'democracy', 'African-American women in politics', 'Male homosexuality', 'intelligence', 'terrorism', 'identity theft', 'God', 'Capitol', 'Port cities and towns of the United States Atlantic coast', 'NASA', 'Speaker', 'Benjamin Henry Latrobe buildings and structures', 'reserve', 'New York', 'recession', 'China', 'American', 'solar power', 'Washington', 'dependence', 'Newtown', 'civil liberties', 'Social Security', 'good people', 'Iran', 'Putin', 'Latino', 'American Dream', 'Cuba', 'transgender', 'place', '1796 establishments in the United States', 'eBay', 'Russia']"
7,Obama_2016.txt,Obama,2016,"['African-American women writers', 'Pope Francis', 'mosque', 'Medicare', 'Ebola', 'good humor', 'Affordable Care Act', 'embargo', 'Afghanistan', 'Moscow', 'poison', 'George Washington Carver', 'television show', 'Black', 'Guantanamo', 'Asian', 'cancer', 'Populated places established in the 6th century BC', 'AIDS', 'Roosevelt', 'Benghazi', 'malaria', 'Usama bin Laden', 'Constitution', 'President', 'cold war', 'Iowa', 'Earth', 'States and territories established in 882', '1845 establishments in the United States', 'Congress', 'orbit', 'computer', 'Middle East', 'pandemic', 'trust', 'Tonight', 'Debt', 'prop', 'Moon', 'Identity politics', 'United States', '1624 establishments in North America', 'Republican', 'frontier', 'superpower', 'fossil fuels', 'clean energy', 'computer science', 'big country', 'wind power', 'Band', 'Federal assistance in the United States', 'inflation', 'minimum wage', 'uranium', 'civil rights', 'Arizona', 'Sally Ride', 'poverty', 'Vietnam', 'unemployment insurance', 'sound bite', 'Silicon Valley', 'famine', 'nuclear program', 'company', 'Pakistan', 'Ukraine', 'fair deal', 'Wright Brothers', 'planet', 'Yemen', 'No Child Left Behind', 'hedge', 'ethnic conflict', 'quo', 'student loan', 'Iraq', 'Legislative speakers', 'prescription drug', 'Central America', 'level set', 'Aerodynamicists', 'criminal justice reform', 'West Africa', '1991 establishments in Ukraine', 'international', 'Lincoln', 'gay', 'organisation', 'congressional districts', 'Persecution', 'political correctness', 'Asia', 'Vice President', 'Syria', 'energy', 'borrower', 'scapegoat', '525 BC', 'People from Buenos Aires', '1624 establishments in the Dutch Empire', 'rhetoric', 'propaganda', 'Trans-Pacific Partnership', 'White', '2002 in law', 'campaign finance reform', 'Child poverty', 'carbon', 'Applause', 'gun violence', 'ISIL', 'The Middle', 'hemisphere', 'Boston', 'Beijing', 'Africa', 'Human rights concepts', 'Latin America', 'Al Qaida', 'Sputnik', 'DNA', 'person', 'Austin', 'climate change', 'fiction', 'Russians', 'World War II', 'democracy', 'intelligence', 'Democrat', 'gallon', 'solar', 'rein', 'God', 'marathon', 'Products introduced in 1920', 'Middle class', 'great recession', 'Katherine Johnson', '19th-century American scientists', 'Chinese', 'depression', 'Speaker', 'Grace Hopper', 'Internet', 'Yom Kippur', 'New York', 'collective bargaining', 'China', 'American', 'Colombia', '107th United States Congress', 'Washington', 'heroin', 'roll', 'Social Security', 'good people', 'Iran', 'blood', 'Latino', 'Thomas Edison', 'Texas', 'coal', 'Cuba', 'Climate and weather statistics', 'diplomatic relations', 'retool', 'place', 'early childhood education', 'Russia']"
4,Trump_2017.txt,Trump,2017,"['Walmart', 'earthquake', '1380 births', 'NAFTA', 'swamp', 'World Trade Organization', 'deregulation', 'Homeland Security', 'DC Comics imprints', 'executive branch', 'American justice', 'Medicaid', 'common good', '21st-century American judges', 'Black', 'Constitution', 'Senate', 'President', 'California', 'typewriter', 'cold war', 'Earth', 'Bible', 'forge', 'Congress', 'illegal immigrant', 'free trade', 'Abraham Lincoln', '1903 establishments in Michigan', '1800 establishments in Washington, D.C.', 'Philadelphia', 'beachhead', 'Ford', 'Germany', 'Middle East', 'trust', 'Tonight', 'gallery', 'NATO', 'General Motors', '1930s in France', 'Identity politics', 'salute', 'United States', 'Republican', 'Chicago', 'Obamacare', 'Fiat', 'Belgium', 'Scalia', 'Alexander', 'Cities in Maryland', 'Crowley', 'civil rights', 'Arizona', '1444 deaths', 'Baltimore', 'Australia', 'Israel', 'poverty', 'company', 'Imagine', 'planet', 'Former capitals of the United States', 'displaced persons', 'fascism', 'American military personnel of the Iraq War', 'Generals', 'Eisenhower', 'San Bernardino', 'General', 'school', 'Republicans', 'FDA', '1863 establishments in Washington, D.C.', 'fair trade', 'steel', 'Danny', 'Matt', 'Jewish', 'France', 'international', 'stock market', 'United States Supreme Court', 'Lincoln', 'National Academy', '9/11', 'tax credit', 'Cities in the Baltimore–Washington metropolitan area', 'health insurance', 'Bad', 'Harley-Davidson', 'Antonin Scalia', 'Kansas City', 'White House', 'quarterback', 'Vice President', '1899 establishments in Italy', 'Interstate Highway System', 'American flag', 'Justin Trudeau', 'Chrysler', 'Trans-Pacific Partnership', 'memory', 'Pentagon', 'magnet', '1682 establishments in Pennsylvania', 'missile', 'Buildings and structures on the National Register of Historic Places in Washington, D.C.', 'torch', 'social work', 'Applause', 'ing', 'ISIS', 'Bevin', 'fighter', '1948 establishments in Israel', 'Boston', 'fir', '1962 establishments in Arkansas', 'health savings accounts', 'school choice', 'tax reform', 'Human rights concepts', 'Navy', 'person', 'English Baptists', 'communism', 'Neil Gorsuch', 'trade deficit', 'Graham', 'Fictional characters with multiple personalities', 'Softbank', 'country', 'terrorism', 'Kentucky', 'intelligence', 'paid family leave', 'Canada', 'God', 'great wall', 'Detroit', 'Michael Davis', 'Intel', 'Jessica', 'World Trade Center', 'Magnet schools', 'Remington', 'insurance', 'Governor', 'F-35', 'Speaker', 'Dakota Access', 'rare disease', 'African American', 'Susan Oliver', 'China', 'American', 'First Lady', 'Pompe disease', 'Iran', 'food stamps', 'publisher', 'blood', 'outline', 'Latino', 'Thomas Edison', 'coal', 'Notre Dame', 'ery', '1982 establishments in England', 'place', 'Library of Congress']"
